name,overhang,sequence,prefix,suffix
P15_Pp,Pp,CAGTACAAAATTTTTTAGATGCGTTCTTGGGAACCGAACGCCGGTGCCCGCGTTCGGTTC,cgagcgtagagctta,
E15-N_NOC,NOC,acccagaccccgaaagcaccggcaaaacatcgtgatccgcgtgatgaactgccggaacatctgcctgcactgcgtgcatttgcaattagcctgacccgtaatgttgcagttgcagatgatctggttcaggataccattgttaaagcctggaccaacttcgataaatttacggaagcaggtggttgtttttctggagatacattagtcgctttaactgatggtcgtagcgttagctttgagcaattggttgaagaagaaaaacaaggaaaacaaaacttttgttataccatccgccatgatggttctataggggttgaaaaaatcatcaatgcccgcaaaacaaaaactaatgcgaaggtaatcaaggttacgttggacaatggtgagtctattatttgcaccccggatcataaattcatgttgcgggatgggagctacaaatgtgcgatggatttaactctcgatgattcgttaatgccgttacaccgaaaaatttcgactacggaagattctggtcatgcgTAATAA,,
E15-C_NOC,NOC,gaagcagtattaaattacaatcacagaattgtaaatattgaagctgtgtcagaaacaatcgatgtttatgatattgaggttccccacacccacaattttgctttggcaagcggagtgtttgtccataacagtgcaaaactgcgtgcctggctgtttaccattctgcgtaataccttctatagcgataaacgtaaacatcgtcgtgaagttccagatccggaaggtgttcatgcagcaagcctgtttgttaaaccggcacatgatggtcatctggcatttagcgattttagcgcagcatttgatcagctgagccctgaacaccgtgaagtgctgattctggttggtgcaagcggttttgcctatgaagatgcagcacagatgatgggtgttgccgttggcaccgttaaaagccgtgcaaatcgtgcacgtgcccgtctggcagaactgctgggtctggaaaaaggtgaagaaatttttagcggtgttgatggtcagaccctggcagttatgagccgtagcggtatgaccgcagcataa,,TAA
P17_Pp,Pp,CAGTACAAAATTTTTTAGATGCGTTTGGTGAACCAAACTCTTACTCGACTCGTtTCAGTAagcg,cgctcattcactagg,
E17-N_NOC,NOC,GCACGTGTTAGCGGTGCAGCAGCAGCCGAAGCAGCACTGATGCGTGCACTGTATGATGAACATGCAGCAGTTCTGTGGCGTTATGCACTGCGTCTGACCGGTGATGCAGCACAGGCAGAAGATGTTGTTCAAGAAACCCTGCTGCGTGCATGGCAGCATCCGGAAGTTATTGGTGATACCGCACGTCCGGCACGCGCATGGCTGTTTACCGTTGCACGTAATATGATTATTGATGAACGTCGTAGCGCACGTTTTCGTAATGTTGTTGGTAGCACCGATgtggatgcttgcatctcgggagatagtttgatcagcttggcgagcacagggaaaagagttcctattaaggatttgttaggcgaaaaagattttgaaatatgggcaattaatgaacagacgatgaagctggaatcagctaaagttagtcgtgtattttgtaccggcaaaaagctagtctatactctaaaaactcgactaggtagaactatcaaggcaacagcaaatcatagatttttaactattgatggttggaaaagattagatgagctatctttaaaagagcatattgctctaccccgtaaactagaaTAATAA,,
E17-C_NOC,NOC,agctcctctttacaattggcaccagaaatagaaaagttgcctcagagtgatatttactgggaccccatcgtttctattacggagactggagtcgaagaggtttttgatttgactgtgccaggactacgtaactttgtcgccaatgacatcattgtacataacagcgatctgCAGAGCACACCGGATGAAGTTAATGCAGCACTGGATCGTCTGCTGATTGCAGATGCACTGGCACAGCTGAGCGCAGAACATCGTGCAGTTATTCAGCGTAGCTATTATCGTGGTTGGAGCACCGCACAGATTGCAACCGATCTGGGTATTGCAGAAGGCACCGTTAAAAGCCGTCTGCATTATGCAGTTCGTGCCCTGCGCCTGACCCTGCAAGAACTGGGTGTTACCCGTTAA,,TAA
P22_Pp,Pp,CAGTACAAAATTTTTTAGATGCGTTGTTGTGAGGtAATCGCGCTCCTGCGCGAATCATCCCgtg,cgacgtacggtggaa,
E22-N_NOC,NOC,CCGCAGCAGACCGATCTGCATGCACGTTTTAGCGCACTGATGCAGCAGCATCGTGGTATTGTTCTGAAAGTTGCAGCAAGCTATTGTCGTGATCCGGATGATCGTGCAGATCTGGCACAGGATATTGCAACCCATCTGTGGCGTGCATTTCCGAGCTATGATCCGCATCGTCGTTTTAGCACCTGGATGTATCGTATTGCACTGAATGTTGCAATTAGCGATCTGCGTAGCCGTCGTtcaaacctttgtctcacgggcgatgctaaaatcgacgtacttatcgataatattcctatctcccagatatccctggaggaagttgttaacctgtttaatgaaggcaaagagatatatgttttgtcttataatattgataccaaggaggttgaatataaagaaatttctgacgcaggtctcatcagtgaatctgccgaagtgctggaaatcattgacgaagaaactgggcagaaaattgtttgtacccctgatcataaagtgtatactctgaaccgggggtacgtttctgctaaggatctcaaagaagacgatgagctggtgtttagcTAATAA,,
E22-C_NOC,NOC,ggtttaaaaattataaaacgtgaatcaaaggaaccagtgtttgacattactgtcaaagataatagcaatttttttgccaataatatcttggtgcataactgcaatgagCTGGATGTTGGCACCCTGGTTGATAGCATTGCAGATCCGCATGCTCGCGATCCGGCACGTGAACATCAGCTGACCGCACTGTATACCTTTATTGCACAGCTGCCTCGTCTGGAACGTGCCCTGATGCTGCTGTATCTGGATGATCATAGTTATCGTGAAATTGCAGATGTGCTGGGTATTAGCGAAACCAATGTTGCCACCAAACTGAGCCGTCTGAAAGCACGTATTCGTGCAGAACTGTAATAA,,
P18_Pp,Pp,CAGTACAAAATTTTTTAGATGCGTTTGCATCCTTTTTGTCTCGGTCGGCGGTAATGCCATA,tgatcgaacgcttca,
E34-N_NOC,NOC,AATACCCGTACCCGTCCGACCACCACACCGGTTCCGCCTGTTGAAGAAACCCGTTATGAAGAAGAACTGGCACACGGTCTGGTTAAAGCAGATGAAGATGCATTTGCAGCCATTTATCGTCGTTGGGGTAGCCTGGTTCATACCCTGGCAACCCGTAGCCTGGGTGATGCACATGAAGCAGAAGATGTTACCCAGCAGGTTTTTGTTGGTGCATGGCGTGGTCGTCATGGTTTTCGTCCGGAACGTGGCACCCTGGGAGCGTGGCTGGTTGGTATTACCCGTCGTAAAGTTGTTGATGCACTGGCAGCACGCACCCGTCGTCTGAGCCTGGTTGAAAGCGCAGGTcacgatggagcgctggcctatgacgaacccatctatctgtcggatggcaacattataaatattggtgaatttgttgataaatttttcaaaaagtacaaaaactctatcaaaaaggaagataacggttttggatggattgacattggcaatgaaaacatttacattaagtcgttcaataagcttagtcttatcatcgaagataagcgcattctgcgggtttggcgaaaaaaatactcaggtaaattaattaagatcaccaccaaaaatcgccgcgagattacactaacacacgaccaccctgtttatatctctaaaaccggtgaggtgctggaaattaatgccgaaatggttaaagtcggtgattacatttacatcccgaaaaataacacgTAATAA,,
E34-C_NOC,NOC,attaacctggatgaagtaatcaaagttgaaacagtggactataatggccacatttatgatttaaccgtcgaggataatcacacctacatcgcaggtaagaacgagggcttcgctgtttcaaattgctcgggtCGTCTGGTTCAGCCTGCACTGGATGAAGTTCTGGATCGTGTTCTGCTGGTTGAAGCACTGAGCCGTCTGCCGCAGGCACAGCGTGATGTTCTGTGTATGGCATTTTATGAAGATCTGACCCAGGCACAGATTGCAGAACGTACCGGTGTTCCGCTGGGCACCGTTAAAAGCCATGCACGTCGTGGTCTGCATCGTCTGCGTACCGCAGTTGGTCCGGGTGCAGCACATGATACCTGTGTTTAA,,TAA
PBAD_Pp,Pp,AGAAACCAATTGTCCATATTGCATCAGACATTGCCGTCACTGCGTCTTTTACTGGCTCTTCTCGCTAACCAAACCGGTAACCCCGCTTATTAAAAGCATTCTGTAACAAAGCGGGACCAAAGCCATGACAAAAACGCGTAACAAAAGTGTCTATAATCACGGCAGAAAAGTCCACATTGATTATTTGCACGGCGTCACACTTTGCTATGCCATAGCATTTTTATCCATAAGATTAGCGGATCCTACCTGACGCTTTTTATCGCAACTCTCTACTGTTTCTCCAT,tcgtcactagagggc,
PSalTTC_Pp,Pp,GGGGCCTCGCTTGGGTTATTGCTGGTGCCCGGCCGGGCGCAATATTCATGTTGATGATTTATTATATATCGAGTGGTGTATTTATTTATATTGTTTGCTCCGTTACCGTTATTAAC,cttgtccaaccaaat,
PLuxB_Pp,Pp,ACCTGTAGGATCGTACAGGTTTACGCAAGAAAATGGTTTGTTACAGTCGAATAAA,agcgcgggtgagagg,
PTac_Pp,Pp,TGTTGACAATTAATCATCGGCTCGTATAATGTGTGGAATTGTGAGCGCTCACAATT,aatccgcgtgatagg,
PBetI_Pp,Pp,AGCGCGGGTGAGAGGGATTCGTTACCAATAGACAATTGATTGGACGTTCAATATAATGCTAGC,gtcaactcataagat,