primer_name,sequence,tm,tm_total,gc,dg,fwd,offtargets,penalty
P01.F,CGTCTCGGTCTCAAATGACCCAGACCCCGAAAG,66.0,76.2,0.6,-6.233530000000004,True,0,22.767060000000008
P02.R,CGTCTCAGGTCTCAAAGCTTATTACGCATGACCAGAATCTTCC,65.4,74.5,0.5,-3.0400950000000027,False,0,12.480190000000011
P03.F,CGTCTCGGTCTCAAATGGAAGCAGTATTAAATTACAATCACAGA,61.0,71.2,0.4,0.0,True,0,6.3
P04.R,CGTCTCAGGTCTCAAAGCTTATGCTGCGGTCATAC,61.0,74.3,0.5,-0.8729600000000026,False,0,7.745920000000005
P05.F,CGTCTCGGTCTCAAATGGCACGTGTTAGCGGTG,65.8,76.6,0.6,0.0,True,0,10.099999999999998
P06.R,CGTCTCAGGTCTCAAAGCTTATTATTCTAGTTTACGGGGTAGAG,62.6,72.7,0.4,-0.26094000000000284,False,0,5.421880000000007
P07.F,CGTCTCGGTCTCAAATGAGCTCCTCTTTACAATTGG,61.7,73.1,0.5,-1.4771099999999997,True,0,6.254219999999997
P08.R,CGTCTCAGGTCTCAAAGCTTAACGGGTAACACCCAG,62.0,74.6,0.5,-1.1039750000000037,False,0,6.207950000000007
P09.F,CGTCTCGGTCTCAAATGGGTTTAAAAATTATAAAACGTGAATCAAAG,61.7,71.1,0.3,0.0,True,0,8.899999999999997
P10.R,CGTCTCAGGTCTCAAAGCTTATTACAGTTCTGCACGAATAC,61.8,72.8,0.4,0.0,False,0,1.5000000000000027
P11.F,CGTCTCGGTCTCAAATGAATACCCGTACCCGTCC,64.8,75.2,0.6,0.0,True,0,8.099999999999998
P12.R,CGTCTCAGGTCTCAAAGCTTATTACGTGTTATTTTTCGGGATG,61.7,72.4,0.4,0.0,False,0,3.599999999999997
P13.F,CGTCTCGGTCTCAAATGATTAACCTGGATGAAGTAATCAAAGT,61.6,71.3,0.4,-0.7767400000000029,True,0,6.253480000000004
P14.R,CGTCTCAGGTCTCAAAGCTTAAACACAGGTATCATGTGCT,62.0,73.3,0.5,-0.8549200000000035,False,0,1.709840000000007
P15.F,CGTCTCGGTCTCAGGAGAGAAACCAATTGTCCATATTGC,61.9,73.9,0.5,-1.6962800000000016,True,0,3.4925600000000045
P16.R,CGTCTCAGGTCTCAGTCAATGGAGAAACAGTAGAGAGTTG,63.1,73.6,0.5,-0.5276649999999994,False,0,2.15533
P17.F,CGTCTCGGTCTCAGGAGGGGGCCTCGCTTGGGTTAT,68.5,79.2,0.6,-0.9248400000000014,True,0,11.649680000000004
P18.R,CGTCTCAGGTCTCAGTCAGTTAATAACGGTAACGGAGCAAA,63.3,73.7,0.5,-2.773175000000003,False,0,7.846350000000003
P19.F,CGTCTCGGTCTCAGGAGACCTGTAGGATCGTACAGGTTT,63.2,74.6,0.5,-4.521295000000005,True,0,10.242590000000012
P20.R,CGTCTCAGGTCTCAGTCATTTATTCGACTGTAACAAACCATTTTC,62.3,72.0,0.4,-1.9727850000000013,False,0,9.54557
P21.F,CGTCTCGGTCTCAGGAGTGTTGACAATTAATCATCGGCTC,64.3,75.0,0.5,0.0,True,0,3.299999999999997
P22.R,CGTCTCAGGTCTCAGTCAAATTGTGAGCGCTCACAATTC,65.0,74.8,0.5,-5.042355000000004,False,0,14.084710000000008
P23.F,CGTCTCGGTCTCAGGAGAGCGCGGGTGAGAGGGAT,69.2,78.9,0.7,-2.866960000000002,True,0,17.533920000000006
P24.R,CGTCTCAGGTCTCAGTCAGCTAGCATTATATTGAACGTCCA,62.0,73.0,0.5,0.0,False,0,1.0
